<?xml version="1.0" encoding="UTF-8"?>
<!DOCTYPE mapper PUBLIC "-//mybatis.org//DTD Mapper 3.0//EN" "http://mybatis.org/dtd/mybatis-3-mapper.dtd">
<mapper namespace="com.example.demo.hotel.mapper.OrderMapper">

    <select id="getAllOrder" resultType="com.example.demo.hotel.DTO.OrderDTO">
        SELECT * FROM orderinfo;
    </select>

    <select id="getOrderById" parameterType="Integer" resultType="com.example.demo.hotel.DTO.OrderDTO">
        SELECT * FROM orderinfo WHERE id = #{id};
    </select>

    <insert id="createOrder" parameterType="com.example.demo.hotel.DTO.OrderDTO">
        INSERT INTO orderinfo (ordernumber,roomnumber, fullname,checkindate,sumprice,paystatus,remark)
        VALUES (#{ordernumber},#{roomnumber},#{fullname},#{checkindate},#{sumprice},#{paystatus},#{remark});
    </insert>

    <update id="updateOrder" parameterType="com.example.demo.hotel.DTO.OrderDTO">
        UPDATE orderinfo SET
        ordernumber = #{ordernumber},
        roomnumber = #{roomnumber},
        fullname = #{fullname},
        checkindate = #{checkindate},
        sumprice = #{sumprice},
        paystatus = #{paystatus},
        remark = #{remark}
        WHERE id = #{id};
    </update>

    <delete id="deleteOrder" parameterType="Integer">
        DELETE FROM orderinfo WHERE id = #{id};
    </delete>

</mapper>
