<?xml version="1.0" encoding="UTF-8"?>
<!DOCTYPE mapper PUBLIC "-//mybatis.org//DTD Mapper 3.0//EN" "http://mybatis.org/dtd/mybatis-3-mapper.dtd">
<mapper namespace="com.example.demo.hotel.mapper.RegistrationMapper">

    <select id="getAllRegistration" resultType="com.example.demo.hotel.DTO.RegistrationDTO">
        SELECT * FROM registrationinfo;
    </select>

    <select id="getRegistrationById" parameterType="Integer" resultType="com.example.demo.hotel.DTO.RegistrationDTO">
        SELECT * FROM registrationinfo WHERE id = #{id};
    </select>

    <insert id="createRegistration" parameterType="com.example.demo.hotel.DTO.RegistrationDTO">
        INSERT INTO registrationinfo (roomnumber, roomtype,price,fullname,userid,phone,checkindate,days,deposit,sumprice,remark)
        VALUES (#{roomnumber},#{roomtype},#{price},#{fullname},#{userid},#{phone},#{checkindate},#{days},#{deposit},#{sumprice},#{remark});
    </insert>

    <update id="updateRegistration" parameterType="com.example.demo.hotel.DTO.RegistrationDTO">
        UPDATE registrationinfo SET
        roomnumber = #{roomnumber},
        roomtype = #{roomtype},
        price = #{price},
        fullname = #{fullname},
        userid = #{userid},
        phone = #{phone},
        checkindate = #{checkindate},
        days = #{days},
        deposit = #{deposit},
        sumprice = #{sumprice},
        remark = #{remark}
        WHERE id = #{id};
    </update>

    <delete id="deleteRegistration" parameterType="Integer">
        DELETE FROM registrationinfo WHERE id = #{id};
    </delete>

</mapper>
