<?xml version="1.0" encoding="UTF-8"?>
<!DOCTYPE mapper PUBLIC "-//mybatis.org//DTD Mapper 3.0//EN" "http://mybatis.org/dtd/mybatis-3-mapper.dtd">
<mapper namespace="com.example.demo.hotel.mapper.RoomStatusMapper">

    <select id="getAllRoomStatus" resultType="com.example.demo.hotel.DTO.RoomStatusDTO">
        SELECT * FROM roomstatusinfo;
    </select>

    <select id="getRoomStatusById" parameterType="Integer" resultType="com.example.demo.hotel.DTO.RoomStatusDTO">
        SELECT * FROM roomstatusinfo WHERE id = #{id};
    </select>

    <insert id="createRoomStatus" parameterType="com.example.demo.hotel.DTO.RoomStatusDTO">
        INSERT INTO roomstatusinfo (roomnumber, roomtype,price,fullname,phone,status,remark)
        VALUES (#{roomnumber},#{roomtype},#{price},#{fullname},#{phone},#{status},#{remark});
    </insert>

    <update id="updateRoomStatus" parameterType="com.example.demo.hotel.DTO.RoomStatusDTO">
        UPDATE roomstatusinfo SET
        roomnumber = #{roomnumber},
        roomtype = #{roomtype},
        price = #{price},
        fullname = #{fullname},
        phone = #{phone},
        status = #{status},
        remark = #{remark}
        WHERE id = #{id};
    </update>

    <delete id="deleteRoomStatus" parameterType="Integer">
        DELETE FROM roomstatusinfo WHERE id = #{id};
    </delete>


<!--    修改房间状态-->
    <update id="updateRoomStatusByRoomNumber" parameterType="com.example.demo.hotel.DTO.RoomStatusDTO">
    UPDATE roomstatusinfo
    SET fullname = #{fullname},
        phone = #{phone},
        status = #{status},
        remark = #{remark}
    WHERE roomnumber = #{roomnumber}
</update>

</mapper>
