<?xml version="1.0" encoding="UTF-8"?>
<!DOCTYPE mapper PUBLIC "-//mybatis.org//DTD Mapper 3.0//EN" "http://mybatis.org/dtd/mybatis-3-mapper.dtd">
<mapper namespace="com.example.demo.hotel.mapper.RoomsMapper">

    <select id="getAllRooms" resultType="com.example.demo.hotel.DTO.RoomsDTO">
        SELECT * FROM roomsinfo;
    </select>

    <select id="getRoomsById" parameterType="Integer" resultType="com.example.demo.hotel.DTO.RoomsDTO">
        SELECT * FROM roomsinfo WHERE id = #{id};
    </select>

    <insert id="createRooms" parameterType="com.example.demo.hotel.DTO.RoomsDTO">
        INSERT INTO roomsinfo (roomnumber, roomtype,price,bedtype,wlantype,deposit,remark)
        VALUES (#{roomnumber},#{roomtype},#{price},#{bedtype},#{wlantype},#{deposit},#{remark});
    </insert>

    <update id="updateRooms" parameterType="com.example.demo.hotel.DTO.RoomsDTO">
        UPDATE roomsinfo SET
        roomnumber = #{roomnumber},
        roomtype = #{roomtype},
        price = #{price},
        bedtype = #{bedtype},
        wlantype = #{wlantype},
        deposit = #{deposit},
        remark = #{remark}
        WHERE id = #{id};
    </update>

    <delete id="deleteRooms" parameterType="Integer">
        DELETE FROM roomsinfo WHERE id = #{id};
    </delete>

</mapper>
