<?xml version="1.0" encoding="UTF-8"?>
<!DOCTYPE mapper PUBLIC "-//mybatis.org//DTD Mapper 3.0//EN" "http://mybatis.org/dtd/mybatis-3-mapper.dtd">
<mapper namespace="com.example.demo.hotel.mapper.UserMapper">

    <select id="getAllUsers" resultType="com.example.demo.hotel.DTO.UserDTO">
        SELECT * FROM userinfo;
    </select>

    <select id="getUserById" parameterType="Integer" resultType="com.example.demo.hotel.DTO.UserDTO">
        SELECT * FROM userinfo WHERE id = #{id};
    </select>

    <insert id="createUser" parameterType="com.example.demo.hotel.DTO.UserDTO">
        INSERT INTO userinfo (account, password,fullname,sex,role,phone,email,status,remark)
        VALUES (#{account},#{password},#{fullname},#{sex},#{role},#{phone},#{email},#{status},#{remark});
    </insert>

    <update id="updateUser" parameterType="com.example.demo.hotel.DTO.UserDTO">
        UPDATE userinfo SET
        account = #{account},
        password = #{password},
        fullname = #{fullname},
        sex = #{sex},
        role = #{role},
        phone = #{phone},
        email = #{email},
        status = #{status},
        remark = #{remark}
        WHERE id = #{id};
    </update>

    <delete id="deleteUser" parameterType="Integer">
        DELETE FROM userinfo WHERE id = #{id};
    </delete>

    <select id="findByUsername" resultType="com.example.demo.hotel.DTO.UserDTO">
        SELECT * FROM userinfo WHERE account = #{account}
    </select>

</mapper>
